
# Insert values into the standings table

INSERT INTO `standings` (`id`, `affiliation_id`, `standing_type`, `sub_season_id`, `last_updated`, `source`) VALUES ('1', '18', 'division', '2', NOW(), 'real-time');
INSERT INTO `standings` (`id`, `affiliation_id`, `standing_type`, `sub_season_id`, `last_updated`, `source`) VALUES ('2', '19', 'division', '2', NOW(), 'real-time');
INSERT INTO `standings` (`id`, `affiliation_id`, `standing_type`, `sub_season_id`, `last_updated`, `source`) VALUES ('3', '20', 'division', '2', NOW(), 'real-time');
INSERT INTO `standings` (`id`, `affiliation_id`, `standing_type`, `sub_season_id`, `last_updated`, `source`) VALUES ('4', '22', 'division', '2', NOW(), 'real-time');
INSERT INTO `standings` (`id`, `affiliation_id`, `standing_type`, `sub_season_id`, `last_updated`, `source`) VALUES ('5', '23', 'division', '2', NOW(), 'real-time');
INSERT INTO `standings` (`id`, `affiliation_id`, `standing_type`, `sub_season_id`, `last_updated`, `source`) VALUES ('6', '24', 'division', '2', NOW(), 'real-time');

# Insert values into standings_subgroup table
ALTER TABLE standing_subgroups ADD COLUMN (alignment_scope varchar(100), competition_scope varchar(100), competition_scope_id varchar(100), duration_scope varchar(100), scoping_label varchar(100), site_scope varchar(100));

# Atlantic division
INSERT INTO `standing_subgroups` (`id`, `standing_id`, `affiliation_id`, `alignment_scope`, `competition_scope`, `competition_scope_id`, `duration_scope`, `scoping_label`, `site_scope`) VALUES ('1', '1', '18', 'division', 'league', '15', NULL, NULL, NULL);
# Central division
INSERT INTO `standing_subgroups` (`id`, `standing_id`, `affiliation_id`, `alignment_scope`, `competition_scope`, `competition_scope_id`, `duration_scope`, `scoping_label`, `site_scope`) VALUES ('2', '2', '19', 'division', 'league', '15', NULL, NULL, NULL);
# Southeast division
INSERT INTO `standing_subgroups` (`id`, `standing_id`, `affiliation_id`, `alignment_scope`, `competition_scope`, `competition_scope_id`, `duration_scope`, `scoping_label`, `site_scope`) VALUES ('3', '3', '20', 'division', 'league', '15', NULL, NULL, NULL);
# Northwest division
INSERT INTO `standing_subgroups` (`id`, `standing_id`, `affiliation_id`, `alignment_scope`, `competition_scope`, `competition_scope_id`, `duration_scope`, `scoping_label`, `site_scope`) VALUES ('4', '4', '22', 'division', 'league', '15', NULL, NULL, NULL);
# Pacific division
INSERT INTO `standing_subgroups` (`id`, `standing_id`, `affiliation_id`, `alignment_scope`, `competition_scope`, `competition_scope_id`, `duration_scope`, `scoping_label`, `site_scope`) VALUES ('5', '5', '23', 'division', 'league', '15', NULL, NULL, NULL);
# Southwest division
INSERT INTO `standing_subgroups` (`id`, `standing_id`, `affiliation_id`, `alignment_scope`, `competition_scope`, `competition_scope_id`, `duration_scope`, `scoping_label`, `site_scope`) VALUES ('6', '6', '24', 'division', 'league', '15', NULL, NULL, NULL);

# Insert values into outcome_totals table
ALTER TABLE outcome_totals ADD COLUMN (events_played int, games_back varchar(100), result_effect varchar(100), sets_against varchar(100), sets_for varchar(100));

INSERT INTO `outcome_totals` (`id`, `standing_subgroup_id`, `outcome_holder_type`, `outcome_holder_id`, `rank`, `wins`, `losses`, `ties`, `undecideds`, `winning_percentage`, `points_scored_for`, `points_scored_against`, `points_difference`, `standing_points`, `streak_type`, `streak_duration`, `streak_total`, `streak_start`, `streak_end`, `events_played`, `games_back`, `result_effect`, `sets_against`, `sets_for`) VALUES ('1', '1', 'teams', '67', '1', '2', '0', '0', '0', '1.000', NULL, NULL, NULL, NULL, 'win', NULL, '2', NULL, NULL, '2', '0', NULL, NULL, NULL);
INSERT INTO `outcome_totals` (`id`, `standing_subgroup_id`, `outcome_holder_type`, `outcome_holder_id`, `rank`, `wins`, `losses`, `ties`, `undecideds`, `winning_percentage`, `points_scored_for`, `points_scored_against`, `points_difference`, `standing_points`, `streak_type`, `streak_duration`, `streak_total`, `streak_start`, `streak_end`, `events_played`, `games_back`, `result_effect`, `sets_against`, `sets_for`) VALUES ('2', '1', 'teams', '63', '2', '1', '0', '0', '0', '1.000', NULL, NULL, NULL, NULL, 'win', NULL, '1', NULL, NULL, '1', '1/2', NULL, NULL, NULL);
INSERT INTO `outcome_totals` (`id`, `standing_subgroup_id`, `outcome_holder_type`, `outcome_holder_id`, `rank`, `wins`, `losses`, `ties`, `undecideds`, `winning_percentage`, `points_scored_for`, `points_scored_against`, `points_difference`, `standing_points`, `streak_type`, `streak_duration`, `streak_total`, `streak_start`, `streak_end`, `events_played`, `games_back`, `result_effect`, `sets_against`, `sets_for`) VALUES ('3', '1', 'teams', '64', '3', '2', '1', '0', '0', '.667', NULL, NULL, NULL, NULL, 'win', NULL, '1', NULL, NULL, '3', '1/2', NULL, NULL, NULL);
INSERT INTO `outcome_totals` (`id`, `standing_subgroup_id`, `outcome_holder_type`, `outcome_holder_id`, `rank`, `wins`, `losses`, `ties`, `undecideds`, `winning_percentage`, `points_scored_for`, `points_scored_against`, `points_difference`, `standing_points`, `streak_type`, `streak_duration`, `streak_total`, `streak_start`, `streak_end`, `events_played`, `games_back`, `result_effect`, `sets_against`, `sets_for`) VALUES ('4', '1', 'teams', '66', '4', '1', '2', '0', '0', '.333', NULL, NULL, NULL, NULL, 'loss', NULL, '1', NULL, NULL, '3', '1 1/2', NULL, NULL, NULL);
INSERT INTO `outcome_totals` (`id`, `standing_subgroup_id`, `outcome_holder_type`, `outcome_holder_id`, `rank`, `wins`, `losses`, `ties`, `undecideds`, `winning_percentage`, `points_scored_for`, `points_scored_against`, `points_difference`, `standing_points`, `streak_type`, `streak_duration`, `streak_total`, `streak_start`, `streak_end`, `events_played`, `games_back`, `result_effect`, `sets_against`, `sets_for`) VALUES ('5', '1', 'teams', '65', '5', '0', '1', '0', '0', '.000', NULL, NULL, NULL, NULL, 'loss', NULL, '1', NULL, NULL, '1', '1/2', NULL, NULL, NULL);

INSERT INTO `outcome_totals` (`id`, `standing_subgroup_id`, `outcome_holder_type`, `outcome_holder_id`, `rank`, `wins`, `losses`, `ties`, `undecideds`, `winning_percentage`, `points_scored_for`, `points_scored_against`, `points_difference`, `standing_points`, `streak_type`, `streak_duration`, `streak_total`, `streak_start`, `streak_end`, `events_played`, `games_back`, `result_effect`, `sets_against`, `sets_for`) VALUES ('6', '2', 'teams', '71', '1', '3', '0', '0', '0', '1.000', NULL, NULL, NULL, NULL, 'win', NULL, '3', NULL, NULL, '3', '0', NULL, NULL, NULL);
INSERT INTO `outcome_totals` (`id`, `standing_subgroup_id`, `outcome_holder_type`, `outcome_holder_id`, `rank`, `wins`, `losses`, `ties`, `undecideds`, `winning_percentage`, `points_scored_for`, `points_scored_against`, `points_difference`, `standing_points`, `streak_type`, `streak_duration`, `streak_total`, `streak_start`, `streak_end`, `events_played`, `games_back`, `result_effect`, `sets_against`, `sets_for`) VALUES ('7', '2', 'teams', '70', '2', '2', '0', '0', '0', '1.000', NULL, NULL, NULL, NULL, 'win', NULL, '2', NULL, NULL, '2', '1/2', NULL, NULL, NULL);
INSERT INTO `outcome_totals` (`id`, `standing_subgroup_id`, `outcome_holder_type`, `outcome_holder_id`, `rank`, `wins`, `losses`, `ties`, `undecideds`, `winning_percentage`, `points_scored_for`, `points_scored_against`, `points_difference`, `standing_points`, `streak_type`, `streak_duration`, `streak_total`, `streak_start`, `streak_end`, `events_played`, `games_back`, `result_effect`, `sets_against`, `sets_for`) VALUES ('8', '2', 'teams', '69', '3', '2', '1', '0', '0', '.667', NULL, NULL, NULL, NULL, 'win', NULL, '1', NULL, NULL, '3', '1 1/2', NULL, NULL, NULL);
INSERT INTO `outcome_totals` (`id`, `standing_subgroup_id`, `outcome_holder_type`, `outcome_holder_id`, `rank`, `wins`, `losses`, `ties`, `undecideds`, `winning_percentage`, `points_scored_for`, `points_scored_against`, `points_difference`, `standing_points`, `streak_type`, `streak_duration`, `streak_total`, `streak_start`, `streak_end`, `events_played`, `games_back`, `result_effect`, `sets_against`, `sets_for`) VALUES ('9', '2', 'teams', '72', '4', '1', '2', '0', '0', '.333', NULL, NULL, NULL, NULL, 'win', NULL, '1', NULL, NULL, '3', '2', NULL, NULL, NULL);
INSERT INTO `outcome_totals` (`id`, `standing_subgroup_id`, `outcome_holder_type`, `outcome_holder_id`, `rank`, `wins`, `losses`, `ties`, `undecideds`, `winning_percentage`, `points_scored_for`, `points_scored_against`, `points_difference`, `standing_points`, `streak_type`, `streak_duration`, `streak_total`, `streak_start`, `streak_end`, `events_played`, `games_back`, `result_effect`, `sets_against`, `sets_for`) VALUES ('10', '2', 'teams', '68', '5', '0', '3', '0', '0', '.000', NULL, NULL, NULL, NULL, 'loss', NULL, '3', NULL, NULL, '3', '3', NULL, NULL, NULL);

INSERT INTO `outcome_totals` (`id`, `standing_subgroup_id`, `outcome_holder_type`, `outcome_holder_id`, `rank`, `wins`, `losses`, `ties`, `undecideds`, `winning_percentage`, `points_scored_for`, `points_scored_against`, `points_difference`, `standing_points`, `streak_type`, `streak_duration`, `streak_total`, `streak_start`, `streak_end`, `events_played`, `games_back`, `result_effect`, `sets_against`, `sets_for`) VALUES ('11', '3', 'teams', '73', '1', '1', '0', '0', '0', '1.000', NULL, NULL, NULL, NULL, 'win', NULL, '1', NULL, NULL, '1', '0', NULL, NULL, NULL);
INSERT INTO `outcome_totals` (`id`, `standing_subgroup_id`, `outcome_holder_type`, `outcome_holder_id`, `rank`, `wins`, `losses`, `ties`, `undecideds`, `winning_percentage`, `points_scored_for`, `points_scored_against`, `points_difference`, `standing_points`, `streak_type`, `streak_duration`, `streak_total`, `streak_start`, `streak_end`, `events_played`, `games_back`, `result_effect`, `sets_against`, `sets_for`) VALUES ('12', '3', 'teams', '74', '2', '1', '0', '0', '0', '1.000', NULL, NULL, NULL, NULL, 'win', NULL, '1', NULL, NULL, '1', '0', NULL, NULL, NULL);
INSERT INTO `outcome_totals` (`id`, `standing_subgroup_id`, `outcome_holder_type`, `outcome_holder_id`, `rank`, `wins`, `losses`, `ties`, `undecideds`, `winning_percentage`, `points_scored_for`, `points_scored_against`, `points_difference`, `standing_points`, `streak_type`, `streak_duration`, `streak_total`, `streak_start`, `streak_end`, `events_played`, `games_back`, `result_effect`, `sets_against`, `sets_for`) VALUES ('13', '3', 'teams', '76', '3', '2', '1', '0', '0', '.667', NULL, NULL, NULL, NULL, 'win', NULL, '1', NULL, NULL, '3', '0', NULL, NULL, NULL);
INSERT INTO `outcome_totals` (`id`, `standing_subgroup_id`, `outcome_holder_type`, `outcome_holder_id`, `rank`, `wins`, `losses`, `ties`, `undecideds`, `winning_percentage`, `points_scored_for`, `points_scored_against`, `points_difference`, `standing_points`, `streak_type`, `streak_duration`, `streak_total`, `streak_start`, `streak_end`, `events_played`, `games_back`, `result_effect`, `sets_against`, `sets_for`) VALUES ('14', '3', 'teams', '75', '4', '0', '2', '0', '0', '.000', NULL, NULL, NULL, NULL, 'loss', NULL, '2', NULL, NULL, '2', '1 1/2', NULL, NULL, NULL);
INSERT INTO `outcome_totals` (`id`, `standing_subgroup_id`, `outcome_holder_type`, `outcome_holder_id`, `rank`, `wins`, `losses`, `ties`, `undecideds`, `winning_percentage`, `points_scored_for`, `points_scored_against`, `points_difference`, `standing_points`, `streak_type`, `streak_duration`, `streak_total`, `streak_start`, `streak_end`, `events_played`, `games_back`, `result_effect`, `sets_against`, `sets_for`) VALUES ('15', '3', 'teams', '77', '5', '0', '3', '0', '0', '.000', NULL, NULL, NULL, NULL, 'loss', NULL, '3', NULL, NULL, '3', '2', NULL, NULL, NULL);
